Date,RELIANCE,TCS,HINDUNILVR,INFY,HDFC,BHARTIARTL,ITC,ASIANPAINT,NESTLEIND,HCLTECH,MARUTI,LT,TITAN,BRITANNIA,BAJAJ-AUTO,EICHERMOT,DRREDDY,DMART,PIDILITIND,HDFCBANK,KOTAKBANK,ICICIBANK,AXISBANK
01-01-2017,532.428101,1140.699951,833.75,486.125,1222.349976,293.587524,242.699997,929.5,5929.850098,407.200012,5615.549805,927.299988,355.200012,1447.474976,2707.350098,2271.774902,3159.149902,616.900024,614.700012,596.825012,716.849976,234.681824,455.200012
08-01-2017,540.080566,1124.650024,827.950012,487.899994,1247.5,294.000702,249.649994,933.25,5899.299805,425.125,5699.5,959.166687,358.350006,1470,2708.550049,2279.35498,2979.75,637.849976,640.299988,616.25,727.75,243.681824,472.799988
15-01-2017,508.083862,1142.675049,860.450012,474.350006,1237.300049,294.322083,255.399994,967.200012,5899.799805,419.375,5668.950195,943.166687,360.700012,1539.150024,2701.050049,2278.915039,2947.399902,751.200012,626.900024,618.174988,723.049988,239.5,450.75
22-01-2017,507.737152,1178.900024,855.950012,471.075012,1373.699951,297.260254,257.399994,969.599976,5914.200195,422.100006,5915.899902,959.93335,372.799988,1551.474976,2854.100098,2348.264893,2994.550049,783.25,678.849976,645.950012,785.049988,247.27272,472.850006
29-01-2017,511.972015,1116.275024,849.75,468.049988,1397.449951,324.851501,273.049988,985.900024,6088.5,415.375,6115.450195,987.133362,379.75,1615.425049,2808.100098,2338.590088,3144.550049,743.200012,673.349976,655.525024,765.299988,255.954544,490.700012
05-02-2017,510.238434,1198.974976,850.900024,484.149994,1388.550049,328.294678,273.350006,993.049988,6178.200195,414.200012,6112.25,1001.299988,432,1619.675049,2800.800049,2401.304932,2976.050049,736.5,671.349976,651.799988,778.900024,256,488.899994
12-02-2017,532.7005,1203.949951,841.25,500.049988,1402.5,339.266907,268.149994,960.799988,6240.5,419.625,5989.75,985.333313,431.5,1623.875,2778.899902,2504.030029,2912.699951,808.900024,683.599976,688.525024,796.5,257.272736,489.100006
19-02-2017,585.822021,1240.900024,858.25,504.424988,1385.699951,336.282837,265.649994,1009,6381.850098,421.424988,6031,991.06665,432.950012,1613.5,2814.100098,2487.77002,2887.399902,751.799988,688.150024,697.150024,810.950012,258.636353,528.150024
26-02-2017,623.366089,1247.025024,877.150024,515.599976,1371.199951,327.009216,261.549988,1013.700012,6189.549805,426.450012,5887.75,980.233337,439.850006,1548.375,2832.800049,2308.929932,2871.100098,722.900024,675.5,688.5,809.5,250.863632,512.900024
05-03-2017,634.807678,1271.125,875.200012,510.924988,1373.800049,335.043274,263.450012,1030.25,6131.75,423.174988,5955.600098,994.400024,445.299988,1561.25,2864.550049,2335.655029,2715.850098,714.900024,683.799988,700.049988,828.900024,245.954544,515.900024
12-03-2017,644.243225,1262.875,902.549988,520.150024,1451.199951,318.470154,281.25,1079.449951,6222.100098,432.875,6192.600098,1035.033325,463.5,1623.775024,2912.5,2469.139893,2736.25,779.650024,701.900024,712.924988,848.25,255.090912,517.150024
19-03-2017,637.33374,1213.599976,900.200012,515.700012,1462.599976,312.63974,281,1064.25,6352.549805,436.524994,6004.649902,1034.133301,447.950012,1649.074951,2843,2435.014893,2628.350098,802.349976,688.25,712.174988,879.349976,249.77272,489.350006
26-03-2017,654.248352,1215.900024,911.75,511.125,1502.099976,321.408325,280.299988,1073.5,6680.649902,437.375,6015.700195,1049.93335,462.75,1687,2805.449951,2558.75,2632.350098,800.099976,699.150024,721.275024,872.200012,251.681824,490.799988
02-04-2017,696.696045,1214.525024,924.5,490.774994,1484.75,316.496094,272.649994,1082.949951,6619.700195,424.649994,6259.350098,1123.666626,485.399994,1678.724976,2830.449951,2580.685059,2661.350098,801.599976,708.200012,719.424988,873.099976,252.136368,504.200012
09-04-2017,675.992249,1164.324951,923.849976,465.700012,1474.900024,312.410187,279.149994,1078.300049,6438.25,404.549988,6077.950195,1119.033325,484.149994,1701.900024,2848.149902,2608.564941,2640.949951,815.099976,714.900024,720.150024,879.5,257.090912,507.549988
16-04-2017,694.665283,1155.400024,906.400024,461.850006,1507.449951,314.751556,274.350006,1065.449951,6353.700195,406.375,6185.799805,1125,479.399994,1688.275024,2824.300049,2561.054932,2609.649902,895.450012,714.049988,748.299988,880.400024,244.681824,486.25
23-04-2017,691.049561,1136.574951,934.950012,459.475006,1537.150024,326.412415,278,1120.449951,6697.75,407.049988,6524.850098,1166.533325,470.25,1812.275024,2864,2606.800049,2599.149902,891.349976,719.799988,773.25,901.950012,253.181824,509.649994
30-04-2017,657.888855,1160.25,953.900024,465.75,1546.849976,316.541992,277.149994,1146.800049,6726.450195,414.799988,6654.149902,1149.599976,491.200012,1764.675049,2887.649902,2583.340088,2603,914.75,740.200012,766.099976,908.299988,271.409088,504.5
07-05-2017,668.884644,1180.324951,980.200012,482.125,1549.800049,335.226929,274.950012,1132.949951,6821.399902,423.825012,6730.200195,1160.400024,495,1852.125,3004.800049,2917.834961,2580.800049,898.549988,750,775.825012,954.650024,269.590912,503
14-05-2017,653.233032,1253.574951,1008,478.975006,1520.599976,342.250977,286.200012,1123.150024,6534.049805,422.350006,6790.549805,1149.699951,471.149994,1791.349976,2972.649902,2793.60498,2656.449951,911.349976,761.299988,780.625,937.349976,279.136353,501.700012
21-05-2017,662.371399,1289.125,1040.949951,497.850006,1547.900024,343.031433,309.100006,1132.449951,6648.549805,429.549988,7064.799805,1191.733276,473.450012,1707.925049,2814.100098,2835.13501,2414.399902,890.099976,765.450012,813,965.049988,292.318176,511.450012
28-05-2017,656.155273,1282.449951,1086.400024,484.725006,1604.650024,342.710083,319.200012,1164.300049,6648.600098,428.950012,7114.700195,1189.333374,471.75,1795.800049,2852.850098,2918.01001,2554.5,926.25,791.549988,817.125,965.25,289.227264,508.049988
04-06-2017,661.578918,1253.5,1095.349976,474.299988,1647.199951,337.705994,306,1155.75,6667.5,430.375,7464.850098,1185.466675,525.450012,1836.5,2865.800049,2976.485107,2628.800049,994.599976,804.700012,833.400024,985.099976,292.863647,513.650024
11-06-2017,687.879578,1199.849976,1091.800049,470.125,1640.849976,334.997375,306.799988,1145.400024,6759.75,419.5,7263.899902,1151.133301,516.400024,1784.474976,2809.800049,2874.689941,2682.600098,1048.400024,816.700012,834.625,982.650024,287.727264,510.450012
18-06-2017,711.183716,1180.849976,1097.900024,471.625,1651.349976,336.236908,311,1153.650024,6639.649902,425.924988,7219.149902,1148.466675,513.299988,1824.75,2824.300049,2716.669922,2643.699951,1070.849976,830.299988,839.325012,985.200012,291.850006,504.649994
25-06-2017,683.520935,1181.175049,1079.599976,467.774994,1614.949951,348.632324,323.649994,1102.949951,6736.799805,425.450012,7217.600098,1125.06665,524.450012,1845.025024,2791.199951,2703.939941,2690.100098,1087.75,805.599976,826.025024,955.75,290.149994,517.349976
02-07-2017,738.574036,1165.974976,1097.699951,467.700012,1629.150024,354.325043,334.299988,1115.449951,6870.049805,415.950012,7432.799805,1136.266724,532.5,1846.175049,2708.25,2785.225098,2705.399902,1039.150024,812.150024,833.599976,964.700012,289.700012,503.149994
09-07-2017,759.674072,1198.724976,1139.300049,486.024994,1647.699951,373.698608,337.149994,1117.349976,6810.950195,425.174988,7557.25,1171.199951,533.650024,1859.599976,2809.800049,2790.715088,2703,1078.449951,806.799988,839.974976,977.200012,298.25,512.950012
16-07-2017,785.058411,1245.599976,1158.650024,490.049988,1640.949951,377.646759,288.899994,1156.099976,6807.049805,452.475006,7543,1179.25,543.200012,1917.025024,2815.800049,2890.314941,2762.550049,1105.25,804.400024,851.525024,999.450012,302.049988,540.799988
23-07-2017,789.739075,1242.150024,1153.849976,498.674988,1785.349976,379.483124,291.549988,1153.25,6780.700195,446.549988,7630.450195,1161.400024,533.150024,1953.324951,2828.149902,2938.840088,2464.949951,1229.900024,787.900024,889.25,1012.700012,296.149994,515.099976
30-07-2017,803.458984,1261.400024,1192.099976,491.875,1731.349976,386.461273,280.75,1157.300049,6702.25,445.325012,7770.299805,1175.849976,611.200012,1958.699951,2874.649902,3163.725098,2239.550049,1167.400024,808.25,895.125,996.200012,296.25,508.100006
06-08-2017,765.865356,1248.025024,1152.800049,493.850006,1695.349976,380.630829,271.5,1143.900024,6544.299805,436.149994,7457.399902,1131.949951,607,2050.975098,2788.199951,2962.735107,2011.150024,1136.199951,790.299988,874.525024,992.200012,286.950012,489.700012
13-08-2017,780.303528,1256.900024,1202.199951,461.625,1735.050049,386.553101,281.850006,1140,6653.399902,438.125,7598.799805,1130.599976,623.5,2125.725098,2811.350098,3151.14502,1982,1129.150024,821.549988,876.075012,983.549988,293.149994,490.399994
20-08-2017,776.663025,1248.300049,1179.699951,456.075012,1757.349976,397.52533,281.450012,1135.599976,6602.600098,433.75,7612.850098,1131.699951,606.799988,2107.050049,2728.550049,3075.090088,2088.149902,1159.650024,829.049988,881.25,972.099976,297.700012,506.850006
27-08-2017,797.490601,1228.224976,1216.150024,459.975006,1759.550049,387.976257,283.600006,1215.900024,7015.299805,432.875,7812.299805,1139.199951,613.5,2121.975098,2916.350098,3177.23999,2217.550049,1106.050049,843.75,883.799988,992.549988,298.299988,507.549988
03-09-2017,809.229309,1235.300049,1207.550049,442.149994,1779.150024,370.484985,272.350006,1203.949951,7201.399902,429.75,7970.75,1172.400024,633.400024,2144.125,2915.449951,3261.774902,2162.5,1149.900024,843.650024,893.825012,1007.549988,292,494
10-09-2017,833.895508,1253.025024,1246,454.125,1768.949951,363.598633,269.299988,1245.5,7349.049805,443.524994,8099.75,1212.400024,632.150024,2178.5,3025.600098,3200.794922,2211.199951,1114.400024,838.150024,924.474976,1005.049988,291.600006,516.150024
17-09-2017,809.724609,1251.800049,1239.199951,449.149994,1780.949951,363.001831,268.450012,1213.25,7169.549805,442.225006,8068.200195,1184.800049,602.299988,2135.149902,3042.449951,3157.959961,2457.75,1132.550049,814.099976,912.049988,1021.900024,277.100006,505.299988
24-09-2017,773.567383,1217.974976,1173.900024,449.950012,1742.150024,357.584564,258.299988,1131.699951,7216.5,437.399994,7978.200195,1142.050049,584.549988,2172.125,3109.399902,3121.330078,2328.75,1121.800049,794.5,902.849976,1002.25,276.600006,509.149994
01-10-2017,829.190125,1223.324951,1207.300049,460.075012,1740,351.019592,266.149994,1157.300049,7352.799805,453.950012,7903.200195,1141.800049,596.599976,2180.925049,3141.550049,3154.11499,2375.850098,1151.099976,800.349976,900.049988,1039.5,271.950012,503.350006
08-10-2017,868.220154,1279.300049,1248.599976,465.049988,1766.449951,395.643066,265.950012,1174.25,7345.399902,463.25,7874.149902,1138.650024,625.150024,2291.100098,3160.850098,3139.925049,2354.449951,1181.349976,808.849976,925.400024,1082.349976,271.299988,529.450012
15-10-2017,901.356018,1291.949951,1257.699951,463.475006,1745.75,434.987,269.649994,1178.5,7216.200195,461.149994,7731.100098,1139.75,606.950012,2318.125,3217.949951,3148.909912,2373.050049,1243.400024,800.900024,924.200012,1077.75,257.850006,460.299988
22-10-2017,921.118713,1292.150024,1260.150024,473.174988,1699.050049,445.591949,269.350006,1184.550049,7170.649902,427.475006,8114.450195,1224.650024,590.049988,2298.675049,3300.149902,3181.175049,2394.949951,1234.599976,786.400024,895.525024,1029,301.149994,485.950012
29-10-2017,936.423645,1310.050049,1239.5,463.325012,1776.300049,496.96405,265.399994,1172.449951,7413.450195,423.575012,8219.400391,1235,659.75,2329.050049,3217.449951,3123.51001,2419.100098,1144.349976,770.049988,915.349976,1015.5,315.899994,540.099976
05-11-2017,875.550659,1354.375,1290.650024,481.024994,1709.5,462.256897,261.700012,1178.599976,7785.25,433.524994,8183.5,1264.949951,782.049988,2436.5,3253.350098,3055.165039,2347.850098,1159.300049,821.099976,911,993.400024,318.5,544.799988
12-11-2017,903.33728,1353.650024,1278.150024,485.475006,1705.5,453.121033,258,1171.300049,7690.350098,420,8348.349609,1222.800049,786.299988,2375.024902,3206.850098,3070.745117,2322.600098,1135.099976,835.549988,912.775024,1023.200012,325.100006,542.400024
19-11-2017,942.169189,1344.025024,1265.949951,504.774994,1711.050049,456.151001,260.75,1159.599976,7502.25,429.200012,8487.950195,1218.5,829.299988,2371,3288.300049,3081.235107,2295.050049,1177.800049,842.200012,925.700012,1030.349976,317.200012,545.5
26-11-2017,901.554138,1314.974976,1250.5,479.399994,1658.800049,444.536072,255.199997,1133.75,7696.450195,415,8609,1211.650024,805.25,2402.975098,3216.899902,2928.094971,2233.899902,1173.5,855.450012,924.099976,1005.150024,305.25,533.849976
03-12-2017,912.351807,1300.75,1326.650024,500.924988,1682.949951,482.181366,262.200012,1135.5,7921.049805,435.225006,9042.25,1220.349976,810.950012,2427.925049,3212.649902,2899.995117,2185.449951,1300.25,890.900024,920.200012,1009,310.75,542.5
10-12-2017,911.113525,1272.800049,1324.550049,511.450012,1723,475.570496,264.600006,1118.699951,7848.700195,445.899994,9165.900391,1203.550049,832.849976,2351.800049,3198.800049,2947.870117,2371.5,1314.25,862.900024,936.724976,1030.099976,303.149994,547.950012
17-12-2017,911.757446,1323.375,1356.5,519.674988,1709.349976,485.303192,263.100006,1138,7883.299805,443.450012,9700,1266.150024,856.849976,2373.324951,3328.949951,3025.074951,2332.699951,1306.550049,944.549988,938.325012,1010.049988,316.600006,553.599976
24-12-2017,912.401367,1350.599976,1367.849976,521.025024,1710.400024,486.313171,263.25,1158.5,7870.899902,445.25,9729.549805,1258.25,858.150024,2354.625,3333.600098,3034.084961,2414.199951,1365.800049,902.200012,936.200012,1010.200012,314,563.950012
31-12-2017,914.580688,1344.599976,1356.550049,506,1725.199951,495.816315,262.899994,1185.25,7856.75,450.024994,9433.849609,1314.900024,909.700012,2322.050049,3279.850098,2923.699951,2473.399902,1281.099976,910.200012,931.799988,1003.049988,312.899994,563.25
07-01-2018,940.088867,1388.175049,1374,539.224976,1760.949951,467.857788,267.549988,1189.699951,7789.25,462.950012,9459.150391,1329.150024,903.799988,2354.149902,3175.350098,2864.975098,2447.649902,1324.800049,910.099976,932.650024,1023.349976,317.700012,555.099976
14-01-2018,922.555115,1479.650024,1362.449951,571.724976,1901.25,457.161011,274.549988,1189.900024,7680.649902,479.149994,9323.950195,1371.449951,891.450012,2342.225098,3210.399902,2800.945068,2490.350098,1419.849976,890.349976,976.099976,1060.550049,353.600006,590.25
21-01-2018,956.8302,1560.525024,1372.75,587.700012,1908.300049,415.659363,281.25,1150.449951,7490.75,504.774994,9278.200195,1416.5,884.099976,2312.800049,3311.699951,2651.939941,2507.75,1469.099976,877.25,987.474976,1092.349976,360.799988,616.099976
28-01-2018,895.858154,1576.824951,1372.199951,571.625,1903.849976,387.792633,275.350006,1137.900024,7135.450195,495.450012,8990.599609,1415.449951,822.200012,2363.225098,3241.300049,2781.175049,2123.550049,1475.400024,862.799988,974,1085.949951,335.100006,564.900024
04-02-2018,889.419189,1485.849976,1333.050049,554.575012,1773.050049,387.930359,271.350006,1130.75,6969.649902,482,8936.099609,1329.25,796.799988,2320.574951,3099.25,2774.794922,2193.800049,1483,878.200012,924.75,1032,326.75,557.549988
11-02-2018,912.648987,1466.525024,1352.099976,564.025024,1815.5,385.359467,266.450012,1143.849976,7592.850098,468.549988,8836.950195,1328.400024,803.200012,2390.975098,3103.899902,2732.814941,2213.550049,1486.800049,891.650024,939.299988,1050.199951,321.049988,537.849976
18-02-2018,925.477417,1537.900024,1323.150024,577.825012,1824.199951,390.730804,269.049988,1101.800049,7582.799805,477.799988,8698.799805,1301.699951,814.200012,2480.949951,2986.399902,2672.439941,2167.050049,1453.900024,900.700012,940.275024,1080.849976,322.75,536.650024
25-02-2018,939.494507,1518.849976,1324.25,580.375,1814.150024,392.750793,264,1118.900024,7849.399902,471.399994,8873.450195,1315.199951,810.200012,2471.925049,3020.899902,2774.235107,2231.5,1417.199951,894.400024,937.174988,1095.699951,304.950012,525.75
04-03-2018,904.526001,1517.050049,1300.75,581.700012,1818.599976,369.245422,259.25,1129.099976,7657.350098,471.5,8660.599609,1290.5,819.099976,2420.899902,2935.399902,2796.38501,2129.899902,1497.550049,878.700012,925.525024,1082.449951,292.700012,505.350006
11-03-2018,891.598511,1412.849976,1299.150024,585.950012,1791.400024,382.650848,260.5,1122.75,7695.350098,483.799988,8676.549805,1269.300049,879.25,2430.300049,2910.449951,2807.915039,2142.149902,1531.099976,916.299988,926.5,1060.75,298.100006,522.599976
18-03-2018,885.506287,1409.074951,1301.650024,583.799988,1789.599976,378.93222,256,1112.650024,7793.799805,478.700012,8607.25,1267.900024,895.049988,2419.824951,2789.949951,2789.610107,2072.300049,1593.550049,902.200012,920.775024,1038.800049,275.549988,499.5
25-03-2018,874.411438,1424.574951,1333.349976,565.900024,1825.599976,366.077728,255.5,1120.400024,8203.549805,484.299988,8861.099609,1310.900024,942.299988,2485.300049,2744.699951,2837.264893,2080.550049,1535.349976,917.799988,943.049988,1047.800049,278.350006,510.5
01-04-2018,902.44574,1475.150024,1374.800049,563.5,1829,353.452759,260.850006,1143.5,8346.950195,476.325012,9206.200195,1316.550049,940.299988,2589.125,2786.399902,2979.915039,2124.800049,1494.25,979.049988,961.700012,1119.199951,280.649994,500.200012
08-04-2018,930.03418,1576.650024,1410.550049,585.724976,1840.599976,346.979614,260.75,1162.199951,8687.5,495.625,9123.950195,1354.849976,987.150024,2604.449951,2786.199951,3135.300049,2089.949951,1485.400024,1024.900024,962.5,1151.099976,288.25,542.549988
15-04-2018,919.187012,1701.224976,1467.800049,589.224976,1834.150024,369.107697,276.200012,1159.349976,9162,531.174988,9025,1365.050049,956.549988,2661.175049,2852.699951,3114.870117,2121.899902,1568.25,1062.349976,977.950012,1152.849976,282.149994,505.700012
22-04-2018,986.944763,1725.974976,1473.949951,592.599976,1853.75,375.30542,279.399994,1181.599976,9061.700195,520.825012,8783.349609,1377.75,970,2730.375,2947.149902,3159.929932,2097.75,1576,1068.699951,961.700012,1188.75,287.899994,539.200012
29-04-2018,944.992432,1740.375,1464.199951,586.549988,1910.349976,364.287262,277.149994,1190.449951,9111.400391,464.924988,8678.200195,1368.699951,958.099976,2692.25,2888.649902,2920.840088,2106.600098,1521.5,1070.550049,994.25,1233.449951,282.850006,520.299988
06-05-2018,979.960938,1728.474976,1504.099976,590.375,1919.800049,354.967743,283.649994,1286.449951,9523,466.424988,8750.299805,1387.400024,956.049988,2738.850098,2815.449951,3087.300049,1990.5,1566.699951,1103.150024,1005.875,1267.300049,310.950012,553.299988
13-05-2018,925.081177,1751.025024,1605.800049,591.599976,1853,331.783752,282.299988,1308.349976,9683.5,445.350006,8510.950195,1315.550049,939.950012,2798.524902,2787.5,3008.620117,1982,1650.75,1081.400024,1006.075012,1294.400024,286.100006,532.900024
20-05-2018,912.153687,1792.900024,1575.75,614.150024,1819.75,346.10733,272.299988,1292.349976,9734.799805,458,8548.150391,1342,924.400024,2913.75,2758.5,3020.344971,1967.849976,1589.400024,1139.550049,1004.349976,1295.849976,295.649994,538.5
27-05-2018,921.812134,1732.449951,1588.849976,610.400024,1844.25,352.305054,269.950012,1293.050049,9898.549805,452.424988,8808.849609,1372.400024,900,2906.225098,2896.550049,2986.875,1941.400024,1616.699951,1119.349976,1055.300049,1318,289.299988,536.650024
03-06-2018,975.106934,1747.099976,1595.599976,630.025024,1840.449951,346.658234,267.899994,1278.849976,9888.849609,464.350006,8932.450195,1343.949951,896,2958.824951,2874.050049,2951.300049,2062.899902,1559.699951,1070.349976,1024.675049,1318.349976,288.25,537.400024
10-06-2018,1004.676697,1840.050049,1621.300049,640.625,1832.25,347.300964,264.5,1282.199951,9742.5,474.149994,8951.599609,1329.900024,903.450012,3068.300049,2877.149902,2957.375,2349.850098,1604.5,1083.849976,1014.799988,1340,282.5,528.75
17-06-2018,1002.992615,1809.800049,1608.099976,623.924988,1906.75,343.903717,265.149994,1267.699951,9871.049805,452.399994,8874.900391,1299.849976,877.549988,2979.725098,2832.199951,2914.064941,2336.25,1561.199951,1050.699951,1041.675049,1321.400024,300.649994,525.650024
24-06-2018,963.318726,1847.75,1641.150024,653.599976,1908.099976,350.698242,266.200012,1264.449951,9810.099609,463.125,8825.599609,1275.099976,878.5,3106.875,2810.300049,2859.044922,2235.050049,1535.150024,1063.5,1054.224976,1342.949951,275.399994,510.799988
01-07-2018,968.370789,1912.949951,1678.300049,642.125,1916.849976,332.610107,272.649994,1323.150024,9943.049805,471.950012,9317.5,1266.300049,829.650024,3154.949951,3020.100098,2762.629883,2269.050049,1501.849976,1056.599976,1057.574951,1371.199951,270.049988,513.700012
08-07-2018,1089.4729,1981.099976,1742.650024,658.700012,1972.5,329.580139,270.399994,1367.800049,10142,491.674988,9431.049805,1298.400024,838.700012,3237.550049,3138.649902,2752.915039,2319.850098,1395.949951,1064.5,1090.449951,1404.349976,267.75,523
15-07-2018,1118.052002,1996.599976,1655.849976,674.049988,1973.849976,317.138794,274,1396.449951,10348.2002,499.600006,9398.950195,1270.349976,860.400024,3179.074951,2839.600098,2704.810059,2051.899902,1331.199951,1030.949951,1094.525024,1333.300049,265.799988,533.700012
22-07-2018,1119.240723,1943.75,1659,686.724976,2047.25,334.85965,302.549988,1434.849976,10284.15039,481.725006,9310.400391,1311.449951,884.099976,3192.600098,2686.75,2894.620117,2083.199951,1411.699951,1128.199951,1101.074951,1311.099976,293.200012,553.25
29-07-2018,1165.898438,1979.449951,1763,682.049988,1977.5,343.857788,303.950012,1411.849976,10324.59961,481.825012,9187,1290,919.200012,3196.350098,2690.449951,2699.570068,2281.050049,1234.25,1108.650024,1060.824951,1309.5,305,574.75
05-08-2018,1192.892578,1993.099976,1752.699951,692.724976,1974.300049,339.542358,304.799988,1418.599976,10686.04981,483,9148.25,1264.650024,920.099976,3171.875,2629.699951,2899.77002,2214.300049,1226.599976,1122.650024,1057.224976,1285.5,328.600006,615.5
12-08-2018,1192.446777,2012.75,1784.75,715.174988,1885.650024,341.011444,313.75,1400.650024,10873,501.524994,9152.099609,1240.150024,941.549988,3314.949951,2661.350098,2847.61499,2364.149902,1462.5,1123.699951,1038.675049,1263.25,340,627.299988
19-08-2018,1265.504272,2043,1780.949951,689.150024,1919.050049,338.761902,310.399994,1393.5,11362.7002,511.674988,9163.799805,1342.900024,885.349976,3386.725098,2682.25,2886.97998,2447.449951,1396.75,1151.349976,1034.925049,1254.5,330.149994,639.900024
26-08-2018,1229.990967,2078.399902,1780.099976,720.549988,1935.949951,352.44278,319.850006,1372.449951,11582.25,523.224976,9096.400391,1369.550049,891.900024,3368.375,2744.850098,2805.975098,2492,1387.900024,1168.650024,1030.599976,1287.25,342.600006,649.25
02-09-2018,1266.593994,2079.850098,1638.75,732.799988,1920,357.72229,310.450012,1316,10446.54981,536.974976,8719.200195,1347.5,867.450012,3114.550049,2923.550049,2868.219971,2632.5,1410.900024,1159.599976,1028.474976,1244.949951,335.100006,645.549988
09-09-2018,1241.382935,2065.399902,1629.300049,733.700012,1925.449951,352.213226,307.149994,1333.900024,10335.4502,535.349976,8626.700195,1358.849976,842.599976,3056.149902,2877.5,2938.375,2581.850098,1492.5,1136.650024,1014.799988,1239.550049,328.350006,636.400024
16-09-2018,1206.067627,2103.149902,1621.300049,705.299988,1839.400024,340.185089,303.950012,1304.75,9749.599609,542.450012,8040.149902,1329.699951,800.599976,2895.375,2799.199951,2794.02002,2556.25,1513.150024,1136.849976,985.125,1180.199951,317.100006,599.200012
23-09-2018,1246.137817,2183.699951,1608.400024,730.049988,1754.5,310.849274,297.75,1293.300049,9699.650391,543.900024,7347.950195,1272.099976,805.599976,2911.75,2687.449951,2418.540039,2530.649902,1594.5,1045.849976,1003.025024,1141.599976,305.549988,613.25
30-09-2018,1039.001343,2102.649902,1558.550049,724.599976,1708.650024,274.16806,276.5,1209.5,9418.900391,542,6904.350098,1227.400024,792.099976,2723.850098,2543.050049,2119.044922,2394.550049,1648.099976,966.849976,982.650024,1052.199951,307.299988,568.5
07-10-2018,1115.97168,1918.300049,1569.599976,678.799988,1730.300049,266.317627,275.200012,1261.199951,9699.849609,492.575012,7287.200195,1235.25,805.150024,2878.75,2623.050049,2390.375,2450.5,1654.949951,993.299988,990.924988,1167.150024,319.399994,584.900024
14-10-2018,1090.95874,1913.199951,1578.400024,683.549988,1660.25,263.792633,289.450012,1235.400024,9609.049805,479.25,6756.450195,1206.050049,788.700012,2781.75,2510.25,2162.530029,2552.350098,1577.75,970.599976,983.875,1198.949951,315.450012,562.549988
21-10-2018,1035.088379,1799.099976,1558.25,633.599976,1702.099976,273.571259,280.899994,1190.300049,9569.450195,483.299988,6717.299805,1197.449951,806.900024,2660.25,2513.75,2180.639893,2404.550049,1571.650024,936.299988,980.599976,1158.599976,315.649994,537.700012
28-10-2018,1064.806641,1913.449951,1638.449951,662.25,1824.400024,277.335785,283.25,1247,10229.65039,502.299988,7135.450195,1358.199951,871,2800.5,2657.75,2267.409912,2423.25,1383.050049,989.299988,974.724976,1133.199951,354.450012,610.650024
04-11-2018,1083.182495,1909.199951,1672.599976,659.5,1816.099976,275.223969,277.25,1295.599976,10226,513.950012,7283.5,1368.599976,847.650024,2873.225098,2693.050049,2249.524902,2400,1365.699951,1042,972.700012,1135.550049,356.850006,613.200012
11-11-2018,1116.813721,1886.599976,1689.099976,650.849976,1889,305.523865,276.549988,1321.300049,10687.25,511.100006,7341.200195,1399.050049,921.349976,2973.824951,2695.350098,2473.5,2477.050049,1442.949951,1118.900024,1002.150024,1168.599976,367.549988,619.799988
18-11-2018,1092.494263,1812.550049,1675.099976,620.75,1873.699951,301.02478,280.5,1314.400024,10303.25,489.524994,7411.100098,1410.150024,915.75,3004.350098,2590.350098,2410.905029,2608.699951,1477.5,1158.25,1002.75,1170.599976,352.049988,614.549988
25-11-2018,1156.58667,1968.25,1754,667.450012,1989,287.848907,285.799988,1345.949951,10764.84961,507.5,7661.600098,1432.5,927.099976,3169.75,2745.699951,2340.530029,2722.199951,1464.300049,1163.300049,1064.224976,1233.949951,355.149994,625.75
02-12-2018,1123.153687,1995.199951,1824.300049,682.799988,1951.349976,279.080322,274.049988,1318.650024,10404.59961,480.975006,7313.950195,1399.900024,916.599976,3005.350098,2786.199951,2236.925049,2692.550049,1487.900024,1140.099976,1053.800049,1279.650024,352.200012,603.950012
09-12-2018,1101.75647,1989.75,1860.550049,706.049988,1904.099976,293.128448,275.75,1340.949951,10985.90039,480.600006,7662.149902,1411.400024,931.5,3135.75,2823.149902,2371.61499,2591.699951,1456.550049,1167.199951,1047.849976,1255.949951,351.899994,620.25
16-12-2018,1089.869141,1895.800049,1803.5,646.200012,1948.599976,282.707123,276.75,1388.199951,11010.40039,477.225006,7536.299805,1420,900.049988,3119.800049,2808.449951,2359.76001,2608.050049,1450.400024,1142.400024,1055.574951,1227.199951,354.200012,620.849976
23-12-2018,1114.981079,1896.050049,1822.050049,656.950012,1979.949951,290.649353,282.25,1366,11258.59961,479.174988,7505.549805,1439.400024,922.700012,3098.5,2717.5,2312.409912,2621.899902,1478.5,1101.949951,1061.449951,1241.349976,360.75,625.049988
30-12-2018,1088.33374,1876.849976,1781.699951,661.049988,1972.599976,296.06662,280.950012,1385.849976,10851.2002,466.174988,7234.5,1388.050049,928.450012,3122.699951,2734.199951,2010.359985,2600,1503.699951,1105.699951,1058.724976,1247.949951,365.200012,619.599976
06-01-2019,1087.739258,1842.550049,1769.400024,683.5,1991.400024,307.68158,295.350006,1403.650024,11273,470.024994,7320.5,1369.599976,959.299988,3096.850098,2720.949951,2050.76001,2588.149902,1471.099976,1109.25,1055.949951,1223.199951,378.549988,666.5
13-01-2019,1173.229004,1900.650024,1744.099976,730.950012,2006.849976,285.691193,291.450012,1400.449951,11248.40039,483.149994,7357.950195,1317.900024,960.950012,3171.350098,2720.75,2012.275024,2596.800049,1449.300049,1148.800049,1065.125,1240.199951,372,664.599976
20-01-2019,1234.300049,1920.800049,1756.800049,730.349976,1977.800049,282.339844,279.200012,1372.150024,11365.59961,484.700012,6513.399902,1285.449951,978,3206.649902,2626.350098,2004.994995,2672.399902,1465.349976,1129.800049,1048,1266.150024,357.200012,669.75
27-01-2019,1238.213013,2029.949951,1799.300049,757.049988,1961.25,286.333923,280.850006,1457.199951,11556.54981,521.924988,6962.299805,1324.599976,991.549988,3251,2602.75,1966.339966,2791.25,1358.5,1122.800049,1045.224976,1255.699951,354.649994,717.25
03-02-2019,1265.702393,2061.399902,1817.300049,760.900024,1944.650024,287.619385,275.5,1448.800049,11242.7002,534.224976,7134.25,1261.75,1053.25,3110,2851.399902,2084.73999,2769.699951,1301.150024,1150.099976,1061.324951,1299.400024,355.100006,719.400024
10-02-2019,1232.764648,2029.699951,1772.800049,741.950012,1874.900024,279.677124,280.100006,1393.599976,10535.4502,528.625,6930.049805,1243.099976,1039,2858.350098,2825.949951,2023.410034,2563.350098,1262.449951,1096.099976,1050.324951,1283.650024,342.149994,686.599976
17-02-2019,1220.778198,1925.650024,1768.550049,734.950012,1887.400024,288.170288,274.299988,1397.800049,10685.4502,533.075012,6912.399902,1280.349976,1041.599976,3012.800049,2816.850098,2059.544922,2639.5,1250.75,1076.699951,1045.724976,1237.900024,352.049988,702.049988
24-02-2019,1214.537354,1995.400024,1734.650024,741.900024,1859.449951,282.47757,278.200012,1392.349976,10451.79981,526.299988,6935.149902,1308.550049,1021.349976,3077.25,2863.5,1994.86499,2646,1234.25,1144.150024,1041.675049,1225.949951,354.25,702.400024
03-03-2019,1255.201904,2022.699951,1701.599976,712.349976,1884.050049,283.44165,292,1382.349976,10095.15039,504.524994,6967.700195,1339.400024,1053.199951,3071.199951,2955.699951,2187.10498,2615.050049,1341.050049,1124.5,1064.099976,1238.900024,370.600006,733.400024
10-03-2019,1309.239746,2039.949951,1698.400024,718.549988,1974.650024,310.068848,290.799988,1432.550049,10289.90039,514.650024,7084,1396.5,1097.25,3066.550049,3023.800049,2261.235107,2658.899902,1323.099976,1165.449951,1126.5,1325.150024,395.299988,735.099976
17-03-2019,1329.151001,2005.650024,1678.050049,743.099976,1981.550049,304.422028,298.200012,1471.25,10600.65039,512.424988,6552.700195,1394.699951,1102.550049,3098.600098,2949.75,2144.685059,2751.300049,1296.650024,1185,1138.074951,1336.25,391.799988,757.049988
24-03-2019,1350.449097,2001.650024,1706.800049,743.849976,1968.25,305.845215,297.25,1492.699951,10960.9502,543.724976,6672.549805,1385.300049,1141.849976,3085.5,2911.100098,2054.77002,2780.25,1330.599976,1246.25,1159.449951,1334.5,400.5,777.25
31-03-2019,1341.18689,2048.300049,1659.099976,759.299988,2059.199951,327.468323,294.549988,1514.449951,10980.75,546.400024,7107.700195,1373.800049,1106.400024,2994.050049,2861.649902,2098.030029,2754.350098,1320.449951,1286.599976,1152.800049,1335.949951,390.549988,762.200012
07-04-2019,1330.488281,2014.5,1721.650024,747.75,2024.949951,313.9711,305.75,1438.650024,10973.79981,541.724976,7342.850098,1360.900024,1097,2984.300049,3008.149902,2136.11499,2807.050049,1397.900024,1290.199951,1132.625,1343.449951,394.600006,764.349976
14-04-2019,1372.935913,2150.050049,1739.900024,717.049988,2003.75,318.561981,304.399994,1469.599976,10954.4502,551.325012,7447.450195,1360.699951,1125.400024,2997.75,3069.5,2102.389893,2799.100098,1356.150024,1255.5,1146.824951,1369.650024,404.399994,771.200012
21-04-2019,1379.721558,2238.550049,1747.349976,738,1977.400024,325.450012,304.549988,1448.75,10971.25,569.875,6842.850098,1358.199951,1137.5,2967.699951,3044.649902,2033.064941,2892.25,1359.400024,1221.400024,1140.474976,1379.25,407.200012,759.900024
28-04-2019,1395.62085,2132,1693.550049,723.599976,2006.400024,331.450012,304.25,1438.550049,10485.7002,571.525024,6710,1363.599976,1145.050049,2696.149902,3059.75,2035.234985,2907.449951,1402.050049,1201.5,1183.974976,1417.800049,401.799988,757.299988
05-05-2019,1239.401733,2135.800049,1687.449951,716.849976,1931.699951,324.100006,297.75,1341.050049,10231.15039,543.325012,6631.600098,1355.5,1132.099976,2688.550049,2966.199951,2035.400024,2876.399902,1425.050049,1167.849976,1148.25,1398.150024,385.100006,735.049988
12-05-2019,1255.499146,2095.449951,1736.800049,723.900024,1993.650024,328.450012,301.399994,1320,10465.65039,531.349976,6706.850098,1361.900024,1190.5,2779.25,3040.050049,2093.699951,2745,1514.199951,1162.199951,1181.050049,1460,389.700012,748.950012
19-05-2019,1324.296997,2048,1749.599976,709.200012,2123.399902,353.200012,290.450012,1384.5,10660.04981,532.974976,7093.149902,1544.150024,1219.900024,2851.050049,3077.899902,2085.064941,2663.899902,1450.800049,1237.599976,1186.675049,1511.699951,431.75,793.200012
26-05-2019,1317.659912,2196.550049,1788.5,737.75,2182.649902,348.799988,278.549988,1407.300049,11498.09961,546.275024,6869.850098,1557.550049,1235.75,2921.949951,2925.899902,1994.775024,2678.350098,1492.699951,1289.650024,1212.675049,1522.150024,423.700012,808.299988
02-06-2019,1302.553101,2181.75,1830.75,739.099976,2210.850098,357.100006,275.25,1418.349976,11503.84961,539.799988,6948.25,1513.849976,1268.949951,2899.300049,2961.399902,1999.775024,2580.699951,1470.199951,1255.699951,1223.824951,1511.800049,416.600006,804
09-06-2019,1305.178223,2254.5,1822.949951,740.450012,2185.850098,353.299988,278.049988,1412.75,11489,543.5,6747.399902,1526.300049,1281.900024,2964.100098,2872.550049,1976.704956,2565.149902,1571.150024,1244,1217.550049,1473.849976,417.75,801.200012
16-06-2019,1267.485474,2249.850098,1766.650024,750.200012,2140.800049,343.799988,274.25,1383,11600.90039,538.125,6417.25,1539.75,1292.349976,2826.699951,2875.550049,1971.920044,2551.550049,1529.699951,1233,1207.099976,1489.800049,430.799988,771.049988
23-06-2019,1241.333374,2227.199951,1787.599976,732,2192.100098,346.649994,273.850006,1358.150024,11912.59961,532.325012,6534.649902,1553.199951,1334.699951,2743.699951,2827.050049,1913.880005,2550.449951,1569.550049,1214.449951,1221.875,1477.099976,437.100006,808.549988
30-06-2019,1251.487183,2163.100098,1791.400024,718,2278.899902,364.799988,279.450012,1358.699951,11956.90039,508.200012,6360,1558.349976,1278.099976,2824.850098,2842.550049,1964.51001,2600.949951,1761.199951,1206.25,1236.199951,1517.199951,436.350006,806.099976
07-07-2019,1268.476074,2107.600098,1713.199951,726.75,2257.800049,356.100006,275.049988,1361.949951,11672.15039,511.950012,5971.450195,1466.849976,1101.199951,2780.600098,2722.550049,1895.530029,2628.600098,1894.550049,1185.25,1196.949951,1483.650024,427.049988,755.799988
14-07-2019,1237.271851,2076.949951,1720.400024,785.400024,2303.550049,339.950012,268.299988,1369.099976,11547.04981,507.799988,5769.100098,1411.550049,1091.050049,2749.149902,2558.25,1766.400024,2613.149902,1894.650024,1195.349976,1187.824951,1498.900024,410.299988,729.25
21-07-2019,1202.402466,2109.050049,1730.650024,787,2165.75,334.899994,270.399994,1526.449951,11623.25,500.725006,5805.649902,1392.150024,1106.400024,2668.449951,2618.649902,1718.655029,2704.949951,1843.199951,1243.900024,1138.650024,1511.849976,415.75,729.849976
28-07-2019,1173.229004,2205.300049,1737.449951,775.599976,2124.800049,343.549988,264.5,1545.199951,11411.5,505.25,5689.350098,1370.25,1064.699951,2594.399902,2600.550049,1690.5,2529.199951,1924.849976,1256.699951,1107.175049,1507.599976,410.600006,673.849976
04-08-2019,1151.187866,2246.25,1841.349976,789.849976,2211.649902,371.149994,254.199997,1575.5,11993.29981,543.150024,6099.899902,1364.599976,1067,2588.149902,2707.600098,1758.724976,2573.449951,1917.099976,1351.75,1141,1532.099976,420.149994,660.799988
11-08-2019,1265.999634,2165.100098,1828.650024,774.549988,2100,361.549988,253,1597.449951,12004.40039,531.375,5975.049805,1335.25,1075.800049,2499.449951,2750.949951,1660.045044,2492.550049,1966.599976,1369.449951,1113.849976,1498.949951,418.950012,675.650024
18-08-2019,1263.869751,2247.699951,1860,802.200012,2043.75,356.399994,236.100006,1580.400024,12438.65039,543.5,6254.350098,1286.5,1073.5,2466.649902,2749.149902,1538.344971,2541.25,1968.849976,1359.699951,1081.349976,1470.199951,395.399994,663.900024
25-08-2019,1236.826172,2259.600098,1881.900024,814.900024,2166.449951,346.799988,245.649994,1616.199951,12875.2002,550.174988,6123.75,1328.25,1105.099976,2701.649902,2788.300049,1625.844971,2557.5,1870.849976,1377.699951,1113.974976,1431.449951,409.649994,663.900024
01-09-2019,1211.020752,2197.5,1819.150024,840.150024,2041.449951,349.25,243.899994,1532.400024,12613.9502,550.200012,6186.950195,1328.650024,1068.699951,2668,2839.350098,1640.724976,2739.949951,1837.25,1372.150024,1122.949951,1441.550049,391.350006,671.099976
08-09-2019,1214.091675,2141.949951,1805.550049,829.299988,2083.850098,343.049988,239.899994,1548.199951,12689.29981,534.25,6450.299805,1363.449951,1123.400024,2674.600098,2878.199951,1668.939941,2731.550049,1822.5,1377.5,1128.724976,1484.25,413.399994,674.25
15-09-2019,1242.571655,2065.449951,1969.75,805,2049.300049,356.399994,238.050003,1671,13499.40039,524.549988,6591.950195,1411.5,1263.550049,2867,2929.25,1786.02002,2837.800049,1801.400024,1408.75,1199.599976,1538.849976,417.5,680.349976
22-09-2019,1296.758057,2056.149902,2010.900024,782.200012,2035.900024,349.100006,252.949997,1776.300049,13740.90039,520.525024,6773.700195,1472.650024,1284.050049,3015.100098,2957.5,1779.23999,2730.800049,1782.75,1476.800049,1244.199951,1643.5,449.200012,700.599976
29-09-2019,1295.816895,2079.350098,1944.199951,793.450012,1978.300049,339.5,257.25,1724.400024,13441,539.549988,6649.600098,1424.900024,1250.900024,2845.149902,2863.550049,1799.900024,2617.699951,1919.599976,1367.849976,1189.699951,1563.150024,413.899994,656.400024
06-10-2019,1339.899048,1986.849976,2004.650024,814.799988,2010.150024,382.899994,243.949997,1790.25,14032.40039,539.75,6698.899902,1427.699951,1243.599976,3081.949951,2898.800049,1820.11499,2651.399902,1925.550049,1365.900024,1198.800049,1587.75,428.549988,672.700012
13-10-2019,1403.050537,2057.350098,2106.850098,767.849976,2094.449951,383.5,246.5,1816.75,14835.4502,547.75,7302.299805,1447.800049,1300.599976,3252.350098,3087.050049,2027.589966,2724.850098,1843.550049,1351.5,1229,1615.25,437.799988,709.549988
20-10-2019,1417.760986,2124.949951,2145.100098,637.450012,2101.550049,375.149994,247.699997,1796.300049,14803.34961,567.025024,7471.149902,1425,1335,3267.100098,3129.649902,2132.175049,2794.949951,1876.949951,1338.75,1229,1588.599976,469.100006,708.599976
27-10-2019,1443.219727,2200.899902,2179.350098,687.900024,2128.600098,373.049988,261.299988,1766.349976,14959.79981,576,7618.649902,1449.400024,1301.900024,3268.550049,3232.649902,2197.61499,2756.600098,1990.550049,1397.949951,1240.050049,1579.900024,462.25,748.299988
03-11-2019,1431.926758,2129.949951,2086.399902,708.150024,2233.199951,369.149994,260.5,1794.849976,14471.29981,575.049988,7200.549805,1423,1156.75,3158,3245.550049,2168.965088,2822.100098,1948.599976,1354.150024,1255.599976,1600.25,489.450012,725.5
10-11-2019,1457.038696,2174.449951,2057.699951,703.900024,2224.050049,393.049988,250.649994,1760.699951,14295.54981,571.150024,7147.200195,1377.650024,1158.449951,3195.550049,3215.350098,2132.405029,2730.800049,2072.050049,1316.650024,1277.900024,1622.75,499.850006,716.900024
17-11-2019,1531.978394,2071.699951,2028.349976,693.200012,2237.300049,420.649994,247.649994,1682.75,14171.5,557.375,7060.450195,1378.650024,1135.599976,3022.649902,3152.350098,2275.320068,2871.25,2287.199951,1297.900024,1264.75,1569.099976,496.799988,732.099976
24-11-2019,1536.584717,2053.25,2035.300049,696.349976,2297.25,442.450012,246.399994,1706.150024,14453.9502,563.825012,7245.850098,1330.550049,1159.699951,3057.699951,3176,2288.139893,2913.850098,2408.350098,1303,1274.949951,1615.199951,512.599976,739.049988
01-12-2019,1540.299561,2123.600098,2026.050049,715.099976,2264.649902,444.850006,243.350006,1716.650024,14166.29981,560.299988,6886.700195,1290.800049,1172,3069.600098,3206.100098,2092,2890.800049,2462.649902,1315.699951,1246.050049,1674.300049,524.799988,717.599976
08-12-2019,1568.036621,2071.25,2006.199951,711.299988,2354.5,427.799988,241.600006,1743.949951,14301.59961,543.150024,7214.950195,1305.300049,1186.150024,3054.399902,3232.899902,2203.475098,2821.5,2323.949951,1324.449951,1263.849976,1692.75,537.049988,752
15-12-2019,1584.084473,2222.899902,1943.099976,731.549988,2404.100098,453.799988,241.149994,1799.25,14858.25,569.900024,7261.5,1311.550049,1201.900024,3122.25,3203.75,2222.11499,2863.350098,2242.149902,1377.550049,1296.699951,1692.699951,546.099976,739.849976
22-12-2019,1527.86731,2198.5,1949.900024,736.950012,2444.149902,455.100006,236.899994,1812.25,14664.15039,567.549988,7344.899902,1299.599976,1191.449951,3042.100098,3241.949951,2222.235107,2897.600098,2101,1398.25,1275,1685.599976,549.400024,760.150024
29-12-2019,1522.716187,2200.649902,1927.449951,746,2454.449951,455.100006,238.5,1751.400024,14593.59961,585.049988,7254.25,1335.050049,1139.699951,3038.800049,3072.050049,2118.925049,2883.899902,1916.099976,1397.650024,1268.400024,1657.099976,538.849976,742.950012
05-01-2020,1533.117554,2213.550049,1954,738.150024,2457.550049,457,238,1792.550049,14685.84961,580.349976,7330.5,1324.599976,1154.050049,2989.75,3101.199951,2043.275024,2933,2079.699951,1415.150024,1282.699951,1684.699951,540.25,740.049988
12-01-2020,1566.154419,2219.100098,2060.300049,767.849976,2453.949951,500.049988,239.949997,1830.050049,15439.4502,598.799988,7520.149902,1304.199951,1188.75,3124.449951,3118.100098,2129.219971,3034.350098,2066.949951,1447.849976,1278.150024,1698.099976,532.049988,739.900024
19-01-2020,1507.262695,2183.399902,2073.699951,782.75,2450.75,524.25,238.149994,1786.800049,15755.5,607.700012,7128.450195,1359.199951,1227.849976,3192.5,3074.149902,2093.080078,3031.399902,2392.649902,1457.599976,1244.550049,1642.949951,533.849976,737.400024
26-01-2020,1370.360352,2164.850098,2074.899902,779.5,2268.25,497.200012,219,1755.349976,15524.75,590.900024,6812.649902,1287.400024,1173.25,3097.600098,3143.300049,2005.925049,3123.050049,2212.100098,1485.5,1198.699951,1647.949951,504.600006,705.450012
02-02-2020,1420.187988,2136.550049,2159.949951,777.299988,2405.649902,539.450012,213.399994,1858.699951,16327.79981,607.700012,6971.75,1299,1275,3251.399902,3134.850098,1973.630005,3166.699951,2310.5,1558.900024,1242.199951,1653.050049,536.450012,748.150024
09-02-2020,1473.63147,2184.199951,2255.050049,786.450012,2401.75,565,207.699997,1877.050049,16356.4502,621.650024,6913.799805,1295.150024,1293.449951,3096.649902,3146.399902,1870.35498,3304.300049,2383.649902,1583.349976,1219.349976,1680.949951,545.799988,736.5
16-02-2020,1471.996948,2156.800049,2248.25,797,2369.5,545.599976,207.449997,1842.25,16539.5,608.049988,6757.600098,1280.599976,1322.849976,3059.399902,3065.5,1884.86499,3255.300049,2255,1575.300049,1217.099976,1685.949951,547,744.299988
23-02-2020,1316.17395,2000.150024,2174.75,731.700012,2175.75,523.5,197.550003,1797.949951,15778.84961,534.349976,6283.100098,1187.550049,1254.5,2970.199951,2890,1660.234985,2927.100098,2333.800049,1513.099976,1177.650024,1620.349976,497.25,697.299988
01-03-2020,1259.065308,2116.449951,2188.899902,738.950012,2109.449951,519.150024,181.75,1877.449951,16429.30078,566.200012,6445.950195,1158.900024,1242.599976,3081.399902,2735.050049,1774.35498,3170.949951,2398.300049,1653.800049,1134.900024,1631.050049,486.350006,657.650024
08-03-2020,1094.921265,1806.300049,2033.199951,642.349976,2066.800049,491.850006,162.25,1797.699951,14991.79981,492.899994,5838.600098,1051.449951,1084.349976,2763.600098,2357.100098,1767.214966,2885.100098,2269.350098,1523.800049,1069.800049,1470.050049,447.200012,568.799988
15-03-2020,1008.391479,1797.449951,2051.699951,585.200012,1753.949951,462.649994,175.5,1742.949951,14145.5,444.899994,5079.200195,864.700012,904.900024,2467.800049,2242.300049,1567.844971,2897.25,2499,1501.550049,882.849976,1262.349976,345.700012,428.149994
22-03-2020,1055.593994,1824.5,2140.550049,652.700012,1754,448.950012,163.199997,1604.150024,15108.59961,430.649994,4646.100098,837.049988,937.049988,2529.25,2053.449951,1431.97998,2916.5,2397.800049,1299.150024,904.450012,1399.099976,339.850006,359.75
29-03-2020,1067.332764,1654.199951,2154.100098,585.700012,1499.550049,423.950012,177.899994,1520.900024,15104.65039,405.799988,4011.5,774.650024,862.799988,2563.25,2033.75,1268.005005,3146.800049,2363.149902,1215.900024,813.849976,1140.849976,286.649994,325.450012
05-04-2020,1208.494629,1766.150024,2372.25,636.25,1703.099976,488.700012,185.25,1651.349976,16839.69922,469.049988,5326.649902,812.799988,1013.849976,2801.699951,2435.949951,1374.22998,3621.550049,2294.399902,1348.699951,925.049988,1272.900024,342.700012,420.149994
12-04-2020,1212.506592,1806.199951,2385,628.75,1680.599976,502.450012,188.100006,1756.25,17324.30078,455.25,5505,932.900024,975.5,2832.149902,2379.149902,1477.035034,3929.550049,2290.149902,1471,910.299988,1186.25,375.549988,478.799988
19-04-2020,1403.694336,1818.550049,2283.100098,658,1580.300049,494.25,180.050003,1827.550049,17406.05078,468.100006,5045.649902,851.200012,906.049988,3062.149902,2445.350098,1358.920044,4002.800049,2322.699951,1505.199951,938.049988,1239.550049,334.850006,403.950012
26-04-2020,1452.234253,2014.449951,2195,715.5,1916,514.299988,182.050003,1758.699951,17924.65039,543.549988,5358.799805,897.549988,970.049988,3165.75,2623.300049,1470.795044,3936.300049,1989.75,1527,1001.799988,1357.199951,380.149994,444.899994
03-05-2020,1547.134766,1893.400024,2089.449951,674.200012,1689.699951,530.049988,158.25,1578.400024,17802.94922,518.400024,4654.149902,815.950012,832.849976,2994.649902,2419.050049,1385.88501,3984,2031.400024,1368.349976,929.049988,1217.449951,337.700012,382.049988
10-05-2020,1459.400024,1892.900024,2032.099976,652.299988,1633.800049,554.099976,164.649994,1552.949951,16443.80078,511.25,5100.399902,864.400024,845.599976,3125.649902,2663.600098,1409.959961,3735.100098,2063.449951,1373.25,888.150024,1178.300049,322.700012,388.549988
17-05-2020,1431.550049,2020.349976,1987.900024,692.349976,1516.150024,593.200012,186.350006,1617.900024,16215.15039,530.400024,5134.299805,815.700012,849.650024,3167.100098,2553.75,1392.23999,3892.850098,2138.399902,1397.699951,838.849976,1160.199951,291.049988,336.950012
24-05-2020,1464.400024,1972.349976,2057.350098,691,1658.900024,552.599976,197.350006,1683.099976,17540.80078,550.25,5610.799805,932.25,890,3378.850098,2710.5,1654.844971,4071.25,2178,1468.400024,951.650024,1224,331.950012,384.950012
31-05-2020,1581.699951,2048.25,2087.600098,703.549988,1766.599976,584.349976,200,1638.550049,17096.84961,575.950012,5746.200195,955.25,990.950012,3466.699951,2776.300049,1749.535034,4024.899902,2259.449951,1508.300049,1033.349976,1337.800049,357.200012,405.299988
07-06-2020,1588.800049,2039.5,2107.25,692.049988,1792.199951,560.099976,193.899994,1637.349976,16496.30078,570.75,5561.75,926.400024,977.700012,3366.050049,2782.149902,1685.72998,4007.949951,2319.399902,1430.050049,982.75,1279.800049,344.200012,408
14-06-2020,1759.400024,2044.599976,2092.75,705.549988,1835.099976,572.5,184.050003,1622.5,16094.84961,569.599976,5897.350098,898.200012,975.849976,3438.550049,2674.350098,1734.935059,4005.600098,2251.449951,1398.849976,1033.349976,1302.5,363.799988,417.049988
21-06-2020,1741.650024,2118.850098,2154.199951,748.200012,1769.349976,560.400024,195.199997,1686.75,16677.5,562.400024,5754.899902,962.200012,966.200012,3456.399902,2867.600098,1847.339966,3998.600098,2239.350098,1387.800049,1056.449951,1340.099976,349.100006,424.850006
28-06-2020,1787.900024,2199.649902,2173.699951,762.700012,1885.199951,581.450012,207.550003,1695.650024,16695.59961,579.150024,5932.100098,944.25,1003.5,3538.350098,2932.399902,1898.349976,3921.449951,2149.050049,1389.449951,1073.949951,1353.800049,361,428.450012
05-07-2020,1878.050049,2222.350098,2223.800049,781.849976,1886,574.700012,194.350006,1703.5,16833.09961,582.25,5955.649902,932.150024,961.849976,3726.649902,2894.699951,1944.785034,3905.449951,2102.699951,1382.849976,1105.099976,1349.349976,360.350006,439.600006
12-07-2020,1911.699951,2200.75,2334.550049,903.150024,1805.849976,566.75,194.050003,1717.900024,17229.94922,623.150024,5919.5,925.549988,997.849976,3785,2995,1881.079956,4118.75,2184.800049,1392.599976,1098.449951,1327.449951,353.799988,433.100006
19-07-2020,2146.149902,2157.399902,2209.300049,922.849976,1841.300049,559.450012,199.600006,1712.050049,17251.84961,679.950012,6000.700195,904.400024,1057.599976,3818.449951,2985.5,2080.034912,4065.949951,2057.600098,1378.650024,1119.099976,1350,381.799988,445.600006
26-07-2020,2067.100098,2281.399902,2209.899902,966,1781.949951,554.849976,194.149994,1715.5,16522.19922,705.200012,6262.75,913.450012,1043.25,3823.600098,3004.949951,2063.870117,4521.049805,1984.199951,1357,1032.800049,1365.75,346.799988,431.649994
02-08-2020,2146.449951,2295.350098,2210.550049,950.900024,1777.699951,560.799988,196.050003,1806.25,16788.59961,690.299988,6679,915.650024,1091.050049,3934.800049,3001.699951,2180.735107,4573.5,2116.550049,1378.300049,1043.849976,1342.5,357.950012,433.299988
09-08-2020,2113.800049,2242.149902,2173.899902,953.599976,1791.699951,528.599976,196.399994,1802.550049,16354.7002,709.099976,6588.200195,982.799988,1104.150024,3801.350098,2987.550049,2014.415039,4519.399902,2239.899902,1371.599976,1034.449951,1307.449951,361.399994,435.850006
16-08-2020,2081.850098,2248.600098,2202.050049,948.799988,1804.050049,520.25,196.800003,1958,16561.94922,705.900024,6973,994.150024,1138.099976,3882.75,3053.149902,2170.23999,4489.75,2294.600098,1456.5,1085.650024,1339.400024,371.149994,440.450012
23-08-2020,2116.149902,2238.550049,2151.949951,935.25,1883.25,523.450012,195.550003,1958.099976,16101.25,706.450012,7104.100098,981.849976,1134.099976,3793.850098,3014.149902,2213.600098,4374.299805,2374.149902,1445.5,1114.5,1467.099976,409.700012,509.200012
30-08-2020,2077.25,2288.800049,2124.649902,919.150024,1769.699951,523.150024,186.699997,1956.349976,16232.59961,700.799988,7190.100098,942.5,1159.25,3705.850098,2883.199951,2180.850098,4322.5,2382.600098,1436.150024,1119.300049,1380.050049,372.549988,455.200012
06-09-2020,2319.75,2374.100098,2159.25,945.700012,1768.150024,491.649994,183.949997,2035.949951,16325.34961,721.650024,7193.600098,917.400024,1167.75,3772.25,2916.350098,2160.300049,4401.600098,2289.199951,1488.400024,1078.650024,1330.349976,370.5,447.200012
13-09-2020,2305.699951,2449.899902,2098.699951,1002.150024,1724,494.549988,179.100006,2028.400024,16087.04981,810.599976,6964.75,900.700012,1163.599976,3797.5,3050.949951,2152.949951,5333.350098,2441.899902,1455.099976,1057.300049,1277.099976,369.549988,443.350006
20-09-2020,2201.699951,2422.300049,2079.050049,1011.450012,1652,439.649994,170.75,1925.599976,15736.79981,827.700012,6497.700195,889.25,1109.349976,3686.399902,2957.399902,2117.5,5112.200195,2685.100098,1413,1044,1253.050049,348.649994,415.049988
27-09-2020,2225.25,2523.449951,2095,1017.650024,1790.650024,432.350006,170.850006,2040.449951,16000.5,812.950012,6796.299805,902.799988,1198.650024,3808.600098,2985.399902,2197.649902,5112.049805,2637.050049,1463,1106.949951,1305.050049,369.200012,443.700012
04-10-2020,2233.449951,2812.949951,2139.649902,1106.800049,1957.650024,425.200012,167.850006,2050.600098,16034.09961,855.75,7062.399902,908.450012,1255.199951,3745.100098,3059.800049,2217.949951,5153,2673.100098,1472.099976,1233.550049,1319.849976,401.5,468.049988
11-10-2020,2175.800049,2763.300049,2150.550049,1127.5,1961.699951,401.649994,165.699997,2061.199951,15430.25,827.150024,6894.899902,894.099976,1223.150024,3747.199951,3044.75,2269.899902,5080.549805,2789.100098,1481.25,1199.349976,1336.550049,396.100006,472.399994
18-10-2020,2113.050049,2686.800049,2143.850098,1122.5,2059.699951,434.399994,170.75,2120.25,15865.4502,852.450012,7103.25,941.25,1241.699951,3469.75,3082.25,2181.899902,5018.25,2967.5,1500.300049,1235.800049,1383.050049,416.950012,507.200012
25-10-2020,2054.5,2664.850098,2071.300049,1060.599976,1923.550049,433.75,165.25,2211.5,17161.59961,841.950012,6965.149902,929.5,1165.75,3473.25,2886.899902,2085.600098,4888.649902,2820.949951,1570.400024,1183.550049,1547.400024,392.600006,492.5
01-11-2020,2029.150024,2707.449951,2094.149902,1112.75,2138.449951,449.899994,173.949997,2209.050049,17006.65039,850.099976,6907.600098,960.75,1253.5,3513.550049,2977.399902,2139.050049,4902.950195,2862.75,1596.699951,1307.650024,1718.050049,442.799988,541.75
08-11-2020,2002.300049,2670.350098,2187.699951,1133.449951,2311.25,481.5,188.600006,2184.600098,16838.15039,830.5,6852.25,1059.199951,1286.800049,3527.350098,3041.899902,2540.550049,4872.049805,2651.5,1580.949951,1369.699951,1770.550049,486.899994,613.150024
15-11-2020,1899.5,2660.25,2120.25,1103.349976,2334.800049,483.700012,191.699997,2166.550049,17460.40039,819.25,6965.850098,1132.300049,1365.150024,3552.100098,3058.550049,2590.649902,4670.950195,2946.050049,1560.199951,1403.650024,1889.400024,480.200012,607.849976
22-11-2020,1929.800049,2679.649902,2138.199951,1100,2256.25,463.25,193.649994,2215.300049,17888.94922,822.099976,7035.799805,1122.400024,1361.199951,3637.949951,3173.550049,2534.649902,4828.950195,2928.899902,1542.550049,1440.849976,1907.099976,473.350006,601.599976
29-11-2020,1946.75,2727.550049,2184.199951,1134.650024,2245.899902,493.75,198.199997,2438.75,17828.69922,858.5,7803.149902,1149.5,1437.150024,3648.199951,3311.399902,2553.5,4908.549805,3101.649902,1606.699951,1385.599976,1846.25,502.049988,614.5
06-12-2020,2005.800049,2783.600098,2374.75,1163.199951,2295.899902,504.399994,216.300003,2520.949951,18401.09961,862.25,7733.549805,1194.300049,1442.400024,3732.75,3327.649902,2470.800049,5016.950195,2994.199951,1638.599976,1382.800049,1920.400024,515.450012,613.25
13-12-2020,1991.550049,2861,2333.449951,1189.800049,2479.399902,510.649994,214.5,2601.5,18362.75,890.650024,7559.75,1281.550049,1519.349976,3720.5,3347.550049,2480.949951,5228.75,3286.100098,1731.800049,1411.349976,1949.349976,517.150024,609.5
20-12-2020,1994.150024,2909.350098,2402.25,1236.050049,2455.149902,517.299988,208.600006,2648.25,18566.34961,919.349976,7446.049805,1262.199951,1495.900024,3618.25,3374.75,2436.75,5201.799805,3129.350098,1731.849976,1397.099976,1960.599976,513.549988,610.200012
27-12-2020,1987.5,2928.25,2387.550049,1260.449951,2568.75,515.150024,213.850006,2775.550049,18450.69922,950.5,7691.299805,1297,1558.599976,3567.800049,3481.25,2542.699951,5241.350098,2960.300049,1770.800049,1425.050049,1994.050049,527.5,623.799988
03-01-2021,1933.699951,3120.899902,2391.199951,1312.099976,2657.5,540.25,201.5,2844.699951,18306.25,994.650024,8014.899902,1373.400024,1548.599976,3575.25,3529.149902,2760.850098,5338.25,2933.649902,1819.050049,1431.650024,1970.699951,542.049988,672.700012
10-01-2021,1937.449951,3233.350098,2351.149902,1344.949951,2632.75,602.650024,217.850006,2590.899902,17834,989.799988,8024.75,1354.150024,1477.25,3609.050049,3580.300049,2857.300049,5212.799805,,1746.949951,1466.650024,1863.900024,543,674.849976
17-01-2021,2049.600098,3303.100098,2409.350098,1340.849976,2589.449951,576.849976,210.699997,2596.649902,17589.59961,985.799988,8048.850098,1362.099976,1491.199951,3608,4089.5,2972.600098,5036.899902,,1735.25,1443.550049,1828,533.799988,644.5
24-01-2021,1841.949951,3111.350098,2263.899902,1239.050049,2377.800049,553.599976,203.25,2407.350098,17060,914,7206.649902,1334.699951,1420.300049,3501.100098,4005.800049,2744.300049,4602.700195,,1670.25,1390.5,1712.949951,537,662.900024
31-01-2021,1923.75,3157.949951,2269.550049,1272.099976,2721.5,581.099976,234.350006,2376.75,17115.75,946.150024,7494.149902,1516.5,1509.449951,3541.649902,4231.25,2932.149902,4800.899902,,1728.75,1597.599976,1982.699951,614.150024,719.599976
07-02-2021,2041.599976,3190.800049,2241.550049,1309.800049,2791.5,586.25,217.449997,2486.100098,17294.30078,960.400024,7568.5,1521.349976,1494.199951,3421.25,4136.049805,2781.25,4792,,1760.699951,1581.949951,1951.050049,647.599976,750.400024
14-02-2021,2080.300049,3071.850098,2181.100098,1291.300049,2741.300049,581.349976,215.949997,2416.449951,16376.40039,950.150024,7323,1508.800049,1425.550049,3331.199951,4001.100098,2584.649902,4681.450195,,1781.349976,1539.099976,1938.75,624.049988,749.650024
21-02-2021,2085.800049,2894.300049,2132.050049,1253.300049,2539.399902,556.299988,203.850006,2277.199951,16101.59961,909.450012,6866.149902,1442.5,1406.900024,3363.75,3798.699951,2498.600098,4426.549805,,1685.949951,1534.400024,1780.349976,597.75,724.799988
28-02-2021,2178.699951,3008.050049,2201.100098,1316.699951,2543.899902,532.799988,208.550003,2387.100098,16782.90039,941.5,7249,1463.550049,1474.199951,3491.75,3852.850098,2587.75,4492.5,,1757.650024,1530,1922.5,609.450012,730.75
07-03-2021,2137.600098,3057.949951,2204.75,1374.849976,2568,524.200012,205.199997,2401.350098,16722.44922,979.25,7096.200195,1514,1482.5,3434.25,3746.399902,2637.5,4426.5,,1723.099976,1551.949951,1935.150024,612.849976,750.599976
14-03-2021,2082,3050.199951,2312.050049,1344.449951,2531.649902,529.950012,222.949997,2411.25,16450.84961,960.450012,7113.549805,1411.25,1465.449951,3466.600098,3650.050049,2661.5,4274.450195,,1751.050049,1497.5,1834.150024,586.650024,726.25
21-03-2021,2087.5,3142.600098,2337.300049,1371.550049,2509.899902,529.25,222.199997,2410.300049,16681.34961,980.849976,7186.25,1404.349976,1495.349976,3568.399902,3678.350098,2702.75,4372.25,,1788.050049,1500.150024,1812.650024,586.400024,730.549988
